id,family,status,requests,snapshots,rules,mutations,detectable,equivalent,regions,optimum,certificate,states,cpu_seconds,wall_seconds,peak_rss_kib,checker_steps_upper_bound
fixture-001,fixture,ok,2,2,0,0,0,0,1,0,packing,0,0.0008083130000000605,0.0008078289999957633,93428,0
fixture-002,fixture,ok,4,1,3,6,3,3,1,1,packing,0,0.001810562000000182,0.0018105420001575112,93428,712
fixture-003,fixture,ok,4,1,2,4,2,2,1,1,packing,0,0.0017166809999999977,0.0017232749999038788,93428,360
fixture-004,fixture,ok,4,1,2,4,2,2,1,1,packing,0,0.0014404100000000586,0.0014404089999970893,93428,360
fixture-005,fixture,ok,4,2,4,22,19,3,4,4,packing,0,0.0028317140000000407,0.0028326629999355646,93428,1260
fixture-006,fixture,ok,2,1,1,6,3,3,1,1,packing,0,0.001135525000000026,0.0011416550000831194,93428,112
fixture-007,fixture,ok,3,1,3,6,2,4,3,1,recurrence,3,0.0020127210000000506,0.0020138219999807916,93428,608
fixture-008,fixture,ok,4,3,6,12,12,0,4,3,recurrence,8,0.003013975000000002,0.0030145030000312545,93428,1140
fixture-009,fixture,ok,4,2,4,8,8,0,4,2,packing,0,0.002293391999999894,0.0023013919999357313,93428,648
fixture-010,fixture,ok,4,2,4,8,8,0,4,2,packing,0,0.001803220999999855,0.0018033530000138853,93428,648
fixture-011,fixture,ok,4,2,4,8,8,0,4,2,packing,0,0.002128841999999853,0.0021291509999628033,93428,648
fixture-012,fixture,ok,2,3,6,12,12,0,2,2,recurrence,3,0.001893120999999942,0.001899569999977757,93428,530
fixture-013,fixture,ok,2,2,4,8,6,2,2,2,packing,0,0.00156732599999998,0.0015676429998165986,93428,324
fixture-014,fixture,ok,4,2,8,16,12,4,4,4,packing,0,0.002825940000000138,0.002826064000146289,93428,2224
fixture-015,fixture,ok,8,2,16,32,24,8,8,8,packing,0,0.009418681000000095,0.009425603999943633,93556,16512
fixture-016,fixture,ok,16,2,32,64,48,16,16,16,packing,0,0.052743019,0.05301038800007518,93556,127360
fixture-017,fixture,ok,3,2,4,8,8,0,3,2,packing,0,0.001833954000000082,0.0018343209999329702,93556,486
fixture-018,fixture,ok,3,1,6,12,6,6,3,2,recurrence,4,0.002605972000000012,0.002610794000020178,93556,2172
fixture-019,fixture,ok,3,2,3,6,6,0,3,2,packing,0,0.0013642470000001516,0.0013644150001255184,93556,306
fixture-020,fixture,ok,4,2,4,8,8,0,4,2,packing,0,0.002817247000000078,0.002819060000092577,93556,648
fixture-021,fixture,ok,4,2,4,23,20,3,4,3,packing,0,0.003944073999999853,0.003951674999825627,93556,1296
fixture-022,fixture,ok,4,1,2,11,4,7,2,2,packing,0,0.0019635909999999868,0.001963701000022411,93556,688
fixture-023,fixture,ok,4,1,3,16,15,1,4,3,packing,0,0.0022031389999999096,0.002203282999971634,93556,1429
fixture-024,fixture,ok,4,2,4,22,18,4,4,4,packing,0,0.002866446000000078,0.0028727960000196617,93556,1260
generated-001,masked-deny,ok,32,2,18,36,22,14,26,6,packing,0,0.026311269000000026,0.02632261999997354,93812,49961
generated-002,masked-deny,ok,32,2,18,36,22,14,24,6,packing,0,0.03063423300000001,0.030643479999980627,93812,49963
generated-003,masked-deny,ok,32,2,18,36,22,14,26,6,packing,0,0.033333393999999794,0.03334382799994273,93940,49958
generated-004,masked-deny,ok,32,2,18,36,22,14,27,6,packing,0,0.03085627099999999,0.030866233999859105,93940,49960
generated-005,masked-deny,ok,32,2,18,36,22,14,23,6,packing,0,0.02887948699999998,0.028889337999999043,93940,49964
generated-006,masked-deny,ok,32,2,18,36,22,14,27,6,packing,0,0.027547513000000023,0.027560373999904186,93940,49962
generated-007,masked-deny,ok,32,2,18,36,22,14,22,6,packing,0,0.029037615999999877,0.029047268999875087,94068,49964
generated-008,masked-deny,ok,32,2,18,36,22,14,23,6,packing,0,0.029041348999999883,0.029051904999960243,94068,49959
generated-009,masked-deny,ok,32,2,18,36,22,14,26,6,packing,0,0.04012201500000012,0.04016422900008365,94068,49964
generated-010,masked-deny,ok,32,2,18,36,22,14,29,6,packing,0,0.040654933000000115,0.04068005799990715,94196,49964
generated-011,masked-deny,ok,32,2,18,36,22,14,28,6,packing,0,0.04620098699999997,0.04620020700008354,94196,49965
generated-012,masked-deny,ok,32,2,18,36,22,14,24,6,packing,0,0.029175336999999857,0.029217849000133356,94196,49962
generated-013,masked-deny,ok,32,2,18,36,22,14,25,6,packing,0,0.027681974999999914,0.027682613000024503,94196,49963
generated-014,masked-deny,ok,32,2,18,36,22,14,28,6,packing,0,0.055442042999999996,0.05544172600002639,94324,49954
generated-015,masked-deny,ok,32,2,18,36,22,14,23,6,packing,0,0.05217750700000012,0.05217765999987023,94324,49962
generated-016,masked-deny,ok,32,2,18,36,22,14,26,6,packing,0,0.04179585999999991,0.04180434199997762,94324,49960
generated-017,masked-deny,ok,32,2,18,36,22,14,20,6,packing,0,0.036341913,0.036342782000019724,94324,49960
generated-018,masked-deny,ok,32,2,18,36,22,14,24,6,packing,0,0.03571994200000006,0.03571995600009359,94324,49962
generated-019,masked-deny,ok,32,2,18,36,22,14,23,6,packing,0,0.029771998999999827,0.02979464400004872,94324,49959
generated-020,masked-deny,ok,32,2,18,36,22,14,26,6,packing,0,0.03608689700000012,0.036086642999862306,94324,49962
generated-021,masked-permit,ok,32,2,18,36,22,14,27,6,packing,0,0.03741668099999984,0.03741689599996789,94324,49965
generated-022,masked-permit,ok,32,2,18,36,20,16,24,6,packing,0,0.03509571999999972,0.0350954080001884,94324,49961
generated-023,masked-permit,ok,32,2,18,36,22,14,26,6,packing,0,0.029072321999999762,0.02907195599982515,94324,49970
generated-024,masked-permit,ok,32,2,18,36,20,16,22,6,packing,0,0.03562278199999991,0.03562285099997098,94324,49960
generated-025,masked-permit,ok,32,2,18,36,22,14,20,6,packing,0,0.029917737,0.029917780000005223,93352,49955
generated-026,masked-permit,ok,32,2,18,36,22,14,24,6,packing,0,0.032567325000000036,0.03256665999992947,93352,49958
generated-027,masked-permit,ok,32,2,18,36,22,14,24,6,packing,0,0.029781432000000052,0.02979370299999573,93480,49962
generated-028,masked-permit,ok,32,2,18,36,22,14,27,6,packing,0,0.027747858000000014,0.02774766900006398,93480,49964
generated-029,masked-permit,ok,32,2,18,36,22,14,27,6,packing,0,0.03166354199999999,0.03166392899993298,93608,49959
generated-030,masked-permit,ok,32,2,18,36,22,14,24,6,packing,0,0.03406848699999998,0.03406835000009778,93608,49960
generated-031,masked-permit,ok,32,2,18,36,20,16,25,6,packing,0,0.04149881499999997,0.04149924499984081,93608,49960
generated-032,masked-permit,ok,32,2,18,36,22,14,27,6,packing,0,0.03387295300000004,0.03387265900005332,93736,49962
generated-033,masked-permit,ok,32,2,18,36,22,14,24,6,packing,0,0.02947403500000001,0.02947366100011095,93736,49964
generated-034,masked-permit,ok,32,2,18,36,20,16,22,6,packing,0,0.033008347999999854,0.03300849900006142,93736,49952
generated-035,masked-permit,ok,32,2,18,36,22,14,25,6,packing,0,0.03276270799999992,0.0327624270000797,93864,49961
generated-036,masked-permit,ok,32,2,18,36,22,14,22,6,packing,0,0.03448634900000003,0.03448675300001014,93864,49957
generated-037,masked-permit,ok,32,2,18,36,22,14,25,6,packing,0,0.03877251999999998,0.03877241800000775,93864,49960
generated-038,masked-permit,ok,32,2,18,36,22,14,25,6,packing,0,0.03190858600000013,0.031908270000030825,93864,49959
generated-039,masked-permit,ok,32,2,18,36,22,14,23,6,packing,0,0.028689605000000062,0.02868904500019198,93864,49961
generated-040,masked-permit,ok,32,2,18,36,22,14,22,6,packing,0,0.027739893999999987,0.027740410999967935,93864,49958
generated-041,ordered-revision,ok,32,2,8,16,16,0,11,4,packing,0,0.00922073599999984,0.00922088199990867,93864,10704
generated-042,ordered-revision,ok,32,2,10,20,17,3,13,5,packing,0,0.011774761999999939,0.011774800000011965,93992,16239
generated-043,ordered-revision,ok,32,2,12,24,23,1,21,7,packing,0,0.01772594599999988,0.01772570299999643,93992,22938
generated-044,ordered-revision,ok,32,2,15,30,30,0,24,8,packing,0,0.01845068800000016,0.018450487999871257,93992,34817
generated-045,ordered-revision,ok,32,2,16,32,28,4,25,7,packing,0,0.018876172000000135,0.018876325000064753,93992,39795
generated-046,ordered-revision,ok,32,2,18,36,30,6,23,9,packing,0,0.026783614999999816,0.026783811999848695,93992,49925
generated-047,ordered-revision,ok,32,2,20,40,34,6,28,9,packing,0,0.029985418000000097,0.029985518999865235,94120,61242
generated-048,ordered-revision,ok,32,2,9,18,18,0,13,5,packing,0,0.0096013989999999,0.009601406000001589,94120,13182
generated-049,ordered-revision,ok,32,2,10,20,20,0,12,5,packing,0,0.011734635000000049,0.011734808000028352,94120,16231
generated-050,ordered-revision,ok,32,2,12,24,24,0,16,7,packing,0,0.014408127000000048,0.01440851899997142,94120,22957
generated-051,ordered-revision,ok,32,2,14,28,24,4,23,7,packing,0,0.016740904000000167,0.016740987000048335,94120,30792
generated-052,ordered-revision,ok,32,2,17,34,34,0,27,9,packing,0,0.03068045099999983,0.03068066000014369,94248,44304
generated-053,ordered-revision,ok,32,2,18,36,35,1,25,9,packing,0,0.03255556100000012,0.032555281999975705,94248,49941
generated-054,ordered-revision,ok,32,2,20,40,27,13,30,8,packing,0,0.03158582200000004,0.03158639299999777,94248,61203
generated-055,ordered-revision,ok,32,2,8,16,16,0,13,4,packing,0,0.009528382999999918,0.009528664999834291,94248,10725
generated-056,ordered-revision,ok,32,2,11,22,22,0,17,6,packing,0,0.01296503800000015,0.012964761000148428,94248,19231
generated-057,ordered-revision,ok,32,2,12,24,24,0,20,6,packing,0,0.014691977000000023,0.014692330000116272,94248,22955
generated-058,ordered-revision,ok,32,2,14,28,27,1,23,9,packing,0,0.017973924000000085,0.017973496999957206,94376,30783
generated-059,ordered-revision,ok,32,2,16,32,30,2,27,8,packing,0,0.01858388500000019,0.01858366500005104,94376,39786
generated-060,ordered-revision,ok,32,2,19,38,38,0,25,10,packing,0,0.030474821000000096,0.030475659000103406,94376,54966
generated-061,behavior-preserving,ok,32,2,4,8,6,2,2,2,packing,0,0.005138829999999928,0.0051633770001444645,94376,3168
generated-062,behavior-preserving,ok,32,2,6,12,6,6,3,3,packing,0,0.010486500999999926,0.010486925000122937,94376,6368
generated-063,behavior-preserving,ok,32,2,8,16,9,7,4,4,packing,0,0.008388209000000035,0.008388488000036887,94504,10784
generated-064,behavior-preserving,ok,32,2,10,20,15,5,5,5,packing,0,0.01298242500000013,0.012982731999954922,94504,16320
generated-065,behavior-preserving,ok,32,2,12,24,12,12,6,6,packing,0,0.015765397000000014,0.015765307000037865,94504,22976
generated-066,behavior-preserving,ok,32,2,14,28,15,13,7,7,packing,0,0.014829830999999905,0.014829578999979276,94504,30848
generated-067,behavior-preserving,ok,32,2,16,32,24,8,8,8,packing,0,0.02826416400000009,0.028263666999919224,94504,39840
generated-068,behavior-preserving,ok,32,2,18,36,18,18,9,9,packing,0,0.03007356299999997,0.030073217000108343,94504,49952
generated-069,behavior-preserving,ok,32,2,20,40,21,19,10,10,packing,0,0.031136613000000146,0.03114530100015145,94632,61280
generated-070,behavior-preserving,ok,32,2,22,44,33,11,11,11,packing,0,0.035991368999999995,0.03600098500010063,94632,73728
generated-071,behavior-preserving,ok,32,2,24,48,24,24,12,12,packing,0,0.04770053499999993,0.0476996780000718,94632,87296
generated-072,behavior-preserving,ok,32,2,26,52,27,25,13,13,packing,0,0.045805587000000036,0.045804762999978266,94632,102080
generated-073,behavior-preserving,ok,32,2,28,56,42,14,14,14,packing,0,0.05527059600000006,0.05528757299998688,93412,117984
generated-074,behavior-preserving,ok,32,2,30,60,30,30,15,15,packing,0,0.06988665699999996,0.07023055700005898,93412,135008
generated-075,behavior-preserving,ok,32,2,32,64,33,31,16,16,packing,0,0.07647623199999998,0.07672746799994457,93412,153248
generated-076,behavior-preserving,ok,32,2,34,68,51,17,17,17,packing,0,0.08070292400000001,0.08071033100009117,93412,172608
generated-077,behavior-preserving,ok,32,2,36,72,36,36,18,18,packing,0,0.10690312199999996,0.10728310400008922,93412,193088
generated-078,behavior-preserving,ok,32,2,38,76,39,37,19,19,packing,0,0.07672224500000002,0.07673231900002975,93412,214784
generated-079,behavior-preserving,ok,32,2,40,80,60,20,20,20,packing,0,0.10028609300000002,0.10029545199995482,93540,237600
generated-080,behavior-preserving,ok,32,2,42,84,42,42,21,21,packing,0,0.12682630099999992,0.12714245699999083,93540,261536
generated-081,nonlaminar,ok,16,2,16,32,16,16,16,2,recurrence,23,0.014889573999999905,0.014901751000024888,93540,20292
generated-082,nonlaminar,ok,16,2,20,40,20,20,16,3,recurrence,28,0.02210503500000005,0.02211550999982137,93540,30962
generated-083,nonlaminar,ok,16,2,24,48,24,24,16,3,recurrence,36,0.025126481999999895,0.025136983000038526,93540,44257
generated-084,nonlaminar,ok,16,2,16,32,16,16,15,3,recurrence,20,0.013046498000000017,0.013056369999958406,93540,20197
generated-085,nonlaminar,ok,16,2,20,40,20,20,16,2,recurrence,23,0.01727464599999995,0.017283809999980804,93540,30948
generated-086,nonlaminar,ok,16,2,24,48,24,24,16,3,recurrence,39,0.022592756999999963,0.0226018959999692,93668,44180
generated-087,nonlaminar,ok,16,2,16,32,16,16,16,2,recurrence,14,0.012991563999999789,0.013001981000115848,93668,20107
generated-088,nonlaminar,ok,16,2,20,40,20,20,16,3,recurrence,24,0.018518782999999983,0.01889004799977556,93668,30972
generated-089,nonlaminar,ok,16,2,24,48,24,24,14,3,recurrence,31,0.030080294000000007,0.030090118000089205,93668,44127
generated-090,nonlaminar,ok,16,2,16,32,16,16,16,2,recurrence,16,0.012414198999999959,0.012423850999994102,93668,20135
generated-091,nonlaminar,ok,16,2,20,40,20,20,15,2,recurrence,21,0.018183371000000115,0.018195194999861997,93668,30930
generated-092,nonlaminar,ok,16,2,24,48,24,24,16,3,recurrence,24,0.022329972000000087,0.022339675000011994,93796,43962
generated-093,nonlaminar,ok,16,2,16,32,16,16,15,3,recurrence,14,0.012899945000000024,0.012914198999851578,93796,20088
generated-094,nonlaminar,ok,16,2,20,40,20,20,16,2,recurrence,35,0.019098918999999936,0.019110477000140236,93796,31224
generated-095,nonlaminar,ok,16,2,24,48,24,24,16,3,recurrence,28,0.023598003000000034,0.02360719299986158,93796,44023
generated-096,nonlaminar,ok,16,2,16,32,16,16,16,3,recurrence,16,0.011756703999999951,0.011764713000047777,93796,20093
generated-097,nonlaminar,ok,16,2,20,40,20,20,16,2,recurrence,25,0.017359055999999873,0.01737051700001757,93796,31047
generated-098,nonlaminar,ok,16,2,24,48,24,24,16,4,recurrence,24,0.022596821000000045,0.022619329000008292,93796,43929
generated-099,nonlaminar,ok,16,2,16,32,16,16,15,2,recurrence,10,0.013272577000000174,0.013282117000017024,93796,20068
generated-100,nonlaminar,ok,16,2,20,40,20,20,15,3,recurrence,33,0.01864070799999995,0.01865131099998507,93924,31070
generated-101,typed-extended,ok,8,2,6,32,24,8,8,4,recurrence,6,0.004735602000000005,0.005045011999982307,93924,2793
generated-102,typed-extended,ok,8,2,8,42,29,13,8,6,recurrence,7,0.005684059000000019,0.005690617999789538,93924,4768
generated-103,typed-extended,ok,8,2,10,52,29,23,8,5,packing,0,0.007520902999999857,0.007526878000135184,93924,7267
generated-104,typed-extended,ok,8,2,6,32,19,13,8,4,recurrence,6,0.004449087999999879,0.004449432999990677,93924,2788
generated-105,typed-extended,ok,8,2,8,42,33,9,8,7,packing,0,0.005682504000000144,0.005682937000074162,93924,4770
generated-106,typed-extended,ok,8,2,10,52,26,26,8,5,recurrence,7,0.007190741000000056,0.007197370999847408,93924,7273
generated-107,typed-extended,ok,8,2,6,32,17,15,8,4,packing,0,0.005551556000000124,0.0055587920001016755,93924,2780
generated-108,typed-extended,ok,8,2,8,42,29,13,8,5,packing,0,0.005873814999999949,0.0058808040000712936,93924,4761
generated-109,typed-extended,ok,8,2,10,52,31,21,8,6,recurrence,7,0.017350595999999996,0.017363015000000814,93924,7277
generated-110,typed-extended,ok,8,2,6,32,25,7,8,5,packing,0,0.0058908699999999925,0.005898534999914773,93924,2793
generated-111,typed-extended,ok,8,2,8,42,26,16,8,4,packing,0,0.007415029999999989,0.007421556999815948,93924,4770
generated-112,typed-extended,ok,8,2,10,52,22,30,8,3,packing,0,0.007043429999999962,0.007050077000030797,93924,7268
generated-113,typed-extended,ok,8,2,6,32,23,9,8,4,recurrence,6,0.005930367999999797,0.005937371999834795,93924,2799
generated-114,typed-extended,ok,8,2,8,42,36,6,8,6,packing,0,0.010439372999999863,0.012241172999893024,93924,4766
generated-115,typed-extended,ok,8,2,10,52,33,19,8,6,packing,0,0.009379201000000004,0.009386661999997159,93924,7278
generated-116,typed-extended,ok,8,2,6,32,26,6,8,5,recurrence,7,0.006926262999999988,0.00693239900010667,93924,2797
generated-117,typed-extended,ok,8,2,8,42,29,13,8,6,packing,0,0.00611050599999996,0.006117209000194634,93924,4773
generated-118,typed-extended,ok,8,2,10,52,24,28,8,4,recurrence,5,0.007344124000000063,0.007350653000003149,94052,7271
generated-119,typed-extended,ok,8,2,6,32,21,11,8,4,packing,0,0.005704659000000056,0.00571228500007237,94052,2787
generated-120,typed-extended,ok,8,2,8,42,24,18,8,4,recurrence,6,0.006942870999999906,0.006950239999923724,94052,4778
