claim_id,claim,theorem_or_argument,implementation_or_checker,test_or_experiment,raw_evidence,figure_or_table,maturity,boundary,fresh_recheck
C01,Joint activation quotient preserves declared mutation incidence,Lemma 1; proofs/theorems.md section 1,src/semantics.py; src/checker.py,tests/test_core.py,results/core-tests.json,none,proved in written argument; finite-checked,Not symbolic Cartesian enumeration; no new predicate mutations,2026-09-14: clean extraction reproduced deterministic evidence; written argument and stated scope inspected; not external review or mechanized general proof
C02,Masked-laminar override supports yield disjoint minimal layers,Lemma 2; proofs/theorems.md section 2,src/semantics.py,tests/test_structure.py,results/structure-tests.json,none,proved in written argument; finite-checked,Error-free local flips/deletions; subordinate scopes after dominant mask,2026-09-14: clean extraction reproduced deterministic evidence; written argument and stated scope inspected; not external review or mechanized general proof
C03,Error-free first-applicable local supports yield disjoint minimal layers,Lemma 3; proofs/theorems.md section 3,src/semantics.py,tests/test_structure.py,results/structure-tests.json,Fig. 1 context,proved in written argument; finite-checked,No target laminarity needed; not arbitrary mutation profile,2026-09-14: clean extraction reproduced deterministic evidence; written argument and stated scope inspected; not external review or mechanized general proof
C04,Two disjoint layers have minimum a+b-matching and equal packing,Theorem 4; proofs/theorems.md section 4,src/optimize.py; src/checker.py,tests/test_structure.py; tests/test_core.py,results/structure-tests.json; results/campaign/certificates/,Fig. 1; Tables 1-2,proved using classical matching; finite-checked,"Matching theorem is classical, not an algorithmic novelty claim",2026-09-14: clean extraction reproduced deterministic evidence; written argument and stated scope inspected; not external review or mechanized general proof
C05,One public-error FA snapshot has a tight disjoint-support packing,Lemma 5; proofs/theorems.md section 5,tests/test_error_boundary.py; src/checker.py,2971 exact finite cases,results/error-boundary-tests.json,none,proved in written argument; finite-checked,"Special constructive optimizer tested separately, not in main solver",2026-09-14: clean extraction reproduced deterministic evidence; written argument and stated scope inspected; not external review or mechanized general proof
C06,Two public-error FA snapshots have sharp factor-two packing gap,Theorem 6; proofs/theorems.md section 5,tests/test_error_boundary.py,4 exact triangle copies; brute coverage and packing,results/error-boundary-tests.json; data/proof-cases/,Fig. 2; equations (9) and (11),proved in written argument; finite-checked,Not a hardness claim for all two-snapshot error policies,2026-09-14: clean extraction reproduced deterministic evidence; written argument and stated scope inspected; not external review or mechanized general proof
C07,Three error-free partition snapshots have NP-complete suite decision problem,Theorem 7; proofs/theorems.md section 6,written 3DM reduction; src/checker.py,parity negative control and pairwise restrictions,results/campaign/cases/fixture-008.json; fixture-009 through fixture-012,none,proved in written reduction; illustrative finite controls,Asymptotic finite input sizes unbounded; not fixed executable caps,2026-09-14: clean extraction reproduced deterministic evidence; written argument and stated scope inspected; not external review or mechanized general proof
C08,Per-snapshot conflict width and base-only width miss relevant hardness,Section V-C; proofs/theorems.md section 6,written reductions,nonlaminar generated family; parity controls,results/campaign/cases/generated-081.json through generated-100.json,Table 1,proved in written reductions,Different qualifications for history graph and one-snapshot base graph; no claim about cross-history incidence width,2026-09-14: clean extraction reproduced deterministic evidence; written argument and stated scope inspected; not external review or mechanized general proof
C09,Output-preserving revisions can increase minimum from one to n,Proposition 8; proofs/theorems.md section 7,src/generate.py; src/checker.py; src/audit_refinement.py,20 owned refinements and 4 fixtures,results/derived/amplification.csv; results/refinement-audit.json,Fig. 3; Table 3 old/delta columns,proved in written argument; finite-checked,One-to-n construction uses DO/FA; all-permit PO gives zero-to-n. Existing 20-case corpus preserved: 13 one-to-n and 7 zero-to-n.,2026-09-14: clean campaign reproduced; separate read-only audit accepted 13 DO/FA one-to-n and 7 PO zero-to-n cases; corrected proof and caption checked
C10,Complete recurrence DAG plus covering suite certifies finite optimum,Theorem 9; proofs/theorems.md section 8,src/optimize.py; src/checker.py,1715 brute-force cases and 33 recurrence campaign cases,results/core-tests.json; results/campaign/certificates/,Section VI walk-through,proved in written argument; finite-checked,DAG may be exponential; no polynomial certificate claim,2026-09-14: clean extraction reproduced deterministic evidence; written argument and stated scope inspected; not external review or mechanized general proof
C11,Canonical witness exposes a missed detectable mutation,Section VI; proofs/theorems.md section 8,src/checker.py,remove-selected-request controls,results/campaign/cases/,none,implemented; finite-checked,Least under declared mutation order then request index; no witness for finite equivalents,2026-09-14: clean extraction reproduced deterministic evidence; written argument and stated scope inspected; not external review or mechanized general proof
C12,All 144 owned cases get exact checked certificates,Section VII,src/run_campaign.py,120 generated plus 24 fixtures,results/campaign/summary.json; results/derived/totals.json,Tables 1-3,measured; finite-checked,No 20 native public policies; not deployment breadth,2026-09-14: clean extraction reproduced deterministic evidence; written argument and stated scope inspected; not external review or mechanized general proof
C13,Greedy exceeds exact in 32 cases; post-protocol stronger baseline in 25,Section VII,src/baselines.py; src/kernel_baseline.py,same finite inputs and complete supports,results/derived/families.csv; results/kernel-greedy.json,Table 2,measured descriptive comparison,No population inference; stronger baseline added after protocol,2026-09-14: clean extraction reproduced deterministic evidence; written argument and stated scope inspected; not external review or mechanized general proof
C14,218 campaign corruptions and six core corruptions are rejected,Section VII,src/checker.py; src/run_campaign.py,named finite corruption inventory,results/campaign/summary.json; results/core-tests.json,none,finite-checked,Not exhaustive malicious-input robustness,2026-09-14: clean extraction reproduced deterministic evidence; written argument and stated scope inspected; not external review or mechanized general proof
C15,Resource observations describe tiny explicit workloads,Section VII; README.md,src/run_campaign.py,one-worker original campaign,results/campaign/summary.json; results/derived/totals.json; results/resource-accounting.json; results/reproduction.json,Table 1; Section VII,measured,Supported caps are not measured scale; all-development logical-step closure unverified,2026-09-14: original and clean replay counters reconciled; full exploratory logical-step closure not certified
C16,Native full-XACML replay is excluded from the retained finite model rather than represented by projected public inputs,Scope boundary in Section VIII and docs/limitations.md,none,public-source screening only; not counted in experimental total,docs/limitations.md; CURRENT-STATE.md,none,explicit non-claim; scope locked,"No native importer, external PDP, deployment, or prevalence claim","2026-09-29: manuscript, supplement, README, and state aligned on the 144-case retained scope"
CREF,"Final manuscript has 61 unique, cited, nonduplicate reference records and a source-synchronized 12-page PDF",Related Work and Limits; bibliography release contract,paper/audit_references.py,BibTeX/TeX/BBL/PDF structural and synchronization audit,artifact/results/reference-audit.json; artifact/results/reference-audit.csv,References [1]--[61],metadata-verified; release-checked,Reference verification and citation fit; not independent peer review or a claim that all copyrighted full texts are redistributed,2026-09-29: 61/61 cited; 61 BBL items; no duplicate key/title/DOI; reference [61] present in synchronized 12-page PDF
C17,"Generator-independent exact checks agree on 2,800 disjoint two-layer families and 1,200 unrestricted finite support families",Theorem 4 finite validation; general hitting-set oracle cross-check,tests/test_generator_independence.py,fixed seed 20260929; brute-force subset oracle versus matching formula or independent mask-DP,results/generator-independence-tests.json,Section VII-C,finite-checked,Bypasses policy generator; not a proof of the general theorem,"2026-09-29: 2,800/2,800 and 1,200/1,200 passed in clean run"
C18,All 144 campaign cases are invariant under request-order and rule-activation serialization reversal,Representation-order invariance of the finite semantics and optimum,tests/test_metamorphic.py; src/optimize.py; src/checker.py,"request order and each rule activation string reversed, then reoptimized and rechecked",results/metamorphic-request-order.json,Section VII-C,finite-checked,One deterministic metamorphic family; not all possible encodings,2026-09-29: 144/144 passed; certificate classes remained 111 packing and 33 recurrence
