name,scholarly_or_official_url,license,resource_type,acquisition_method,integration_mode,supported_claim,reading_state,access_date,internals_modified
XACML 3.0 2013 core,https://docs.oasis-open.org/xacml/3.0/xacml-3.0-core-spec-os-en.html,OASIS; not redistributed,formal standard,web parsed HTML; Appendix C inspected,decision-model inspiration only,C01-C06; no whole-language conformance,normative combining passages inspected,2026-09-14,no
Coverage-based Test Cases Selection for XACML Policies,https://orbilu.uni.lu/handle/10993/25154,publisher copyright; not redistributed,research paper,primary metadata and abstract; supplied full-text endpoint unavailable,citation only,historical coverage-selection motivation,full substantive paper not read,2026-09-14,no
Selection of Regression System Tests for Security Policy Evolution,https://orbilu.uni.lu/bitstream/10993/16020/1/test_selection_ase2012-short.pdf,author-hosted postprint; not redistributed,research paper,complete four-page text and substantive figures/tables inspected via web,citation; objective comparison,output-change selection differs from common mutation adequacy,full postprint substantive text read; no implementation reused,2026-09-14,no
Automated Coverage-Based Testing of XACML Policies,https://research.umkc.edu/dxu/publications/automated-coverage-based-testing-xacml-policies,publisher copyright; not redistributed,research paper,author institutional record,citation only,prior coverage-based policy testing,"metadata/abstract, not full paper",2026-09-14,no
Automated Strong Mutation Testing of XACML Policies,https://research.umkc.edu/dxu/publications/automated-strong-mutation-testing-xacml-policies,publisher copyright; not redistributed,research paper,author institutional bibliographic record,citation only,prior strong mutation testing,"metadata, not full paper",2026-09-14,no
Towards a Theory on Testing XACML Policies,https://doi.org/10.1145/3532105.3535031,ACM copyright; not redistributed,research paper,publisher abstract and primary conference/author metadata,citation and explicit novelty hold,prior formal fault-detection conditions,full text unavailable; no absence claim,2026-09-14,no
On-line tracing of XACML-based policy coverage criteria,https://arxiv.org/pdf/1809.02712,author manuscript; not redistributed,research paper,partial full-text PDF retrieval; publisher metadata,citation only,coverage tracing exists,"partial substantive reading, not counted full calibration",2026-09-14,no
A Formal Validation Approach for XACML 3.0 Access Control Policy,https://www.mdpi.com/1424-8220/22/8/2984,open-access publisher; not redistributed,research paper,"primary publisher metadata, abstract and body portions",citation only,prior policy and coverage formalization,partial reading; first author verified Carmine Caserio,2026-09-14,no
Discovery and Resolution of Anomalies in Web Access Control Policies,https://asu.elsevierpure.com/en/publications/discovery-and-resolution-of-anomalies-in-web-access-control-polic/,publisher copyright; not redistributed,research paper,primary institutional metadata and abstract,citation only,anomaly resolution has different objective,not a full same-venue calibration reading,2026-09-14,no
Atomizing Firewall Policies for Anomaly Analysis and Resolution,https://iris.polito.it/handle/11583/2994408,institutional open record; not redistributed,research paper,primary institutional metadata and abstract,citation only,recent atomization/anomaly objective,not a full same-venue calibration reading,2026-09-14,no
Verification and Change-Impact Analysis of Access-Control Policies,https://static.cs.brown.edu/~sk/Publications/Papers/Published/fkmt-verif-change-impact-xacml/,author-hosted record; not redistributed,research paper,primary author page abstract and metadata,citation only,prior symbolic verification and semantic differencing,not a full-paper reading,2026-09-14,no
"Regression testing minimization, selection and prioritization: a survey",https://doi.org/10.1002/stvr.430,Wiley copyright; not redistributed,research survey,publisher metadata and abstract,citation only,objective taxonomy,not counted as full calibration,2026-09-14,no
An n^(5/2) Algorithm for Maximum Matchings in Bipartite Graphs,https://doi.org/10.1137/0202019,SIAM copyright; not redistributed,research paper,publisher metadata and abstract,classical reference,matching algorithm attribution; prototype uses simple augmentation,not a reproduced external implementation,2026-09-14,no
Two Theorems in Graph Theory,https://doi.org/10.1073/pnas.43.9.842,PNAS publication; not redistributed,research paper,primary publication metadata,classical reference; argument provided in full,augmenting-path attribution,not counted as full calibration,2026-09-14,no
A Greedy Heuristic for the Set-Covering Problem,https://doi.org/10.1287/moor.4.3.233,INFORMS publication; not redistributed,research paper,publisher metadata,classical reference,standard greedy baseline attribution,"baseline implemented locally, not upstream code",2026-09-14,no
Reducibility among Combinatorial Problems,https://doi.org/10.1007/978-1-4684-2001-2_9,publisher copyright; not redistributed,research chapter,primary publisher record,classical NP-completeness reference,3DM/hitting-set source; new reduction written in full,not a complete chapter reading,2026-09-14,no
Balana public source screening,https://github.com/wso2/balana,Apache-2.0 repository; no content integrated,screened candidate inputs,"read-only GitHub connector: license, directories, two sample files",none; not a benchmark input,native-policy component remains missing,unsupported expression/obligation and legacy-combiner boundaries observed,2026-09-14,no
Supplied IEEEtran class,https://ctan.org/pkg/ieeetran,LPPL-1.3; notice retained,publisher-family asset,matched user archive; source header inspected,unmodified class file,paper layout,class byte-equal to supplied asset,2026-09-14,no
IEEEtran unsorted bibliography style,https://ctan.org/pkg/ieeetran,LPPL-1.3; notice retained,publisher-family asset,installed canonical IEEEtran.bst copied unchanged,unmodified standard numerical style,reference ordering,replaces supplied sorted style whose own diagnostic says not for normal IEEE work,2026-09-14,no
TDSC author guide,https://www.computer.org/publications/author-resources,official IEEE Computer Society website; no republication,workflow official guide,first-party author-resources page and TDSC call-for-papers scope retrieved,readiness evidence only; not a scholarly manuscript reference,journal template required; 12 formatted-page regular-paper publication limit including references; 100--200 word abstract; supplement separate; TDSC single-anonymous route,current first-party general CS journal rules and TDSC scope inspected; submission portal must still be checked by authors at actual submission,2026-09-29,no
IEEE template selector,https://template-selector.ieee.org/,website; no republication,workflow official guide,Final live retrieval on 2026-09-14 failed with HTTP 418; no current selector content inspected,readiness evidence only,current journal-family mapping not cleared,supplied family retained; no year-specific assertion,2026-09-14,no
IEEE AI-use disclosure as reproduced by Computer Society author information,https://services.conferences.computer.org/2026/info-for-authors/,website; no republication,workflow official policy,current first-party author information,disclosure context only,substantive AI assistance must not be described as grammar only,conference-specific anonymity rules not transferred to TDSC,2026-09-14,no
An Integer Programming Framework for ReBAC Policy Mining and Optimized Conformance Testing,https://doi.org/10.1109/PST65910.2025.11268863,unknown; not redistributed,unverified closest-work lead,secondary bibliographic discovery; primary full text not obtained,not used for technical claims,additional novelty-clearance obligation,"do not infer theorem, implementation, or limitations from title",2026-09-14,no
Defining and Measuring Policy Coverage in Testing Access Control Policies,https://doi.org/10.1007/11935308_11,publisher/standards-body terms; not redistributed,scholarly publication,"DOI, publisher, institutional, or official-standard metadata and abstract/scope verification",citation only,policy-testing,metadata and claim-fit verified; not represented as a complete full-text reproduction,2026-09-29,no
A Fault Model and Mutation Testing of Access Control Policies,https://doi.org/10.1145/1242572.1242663,publisher/standards-body terms; not redistributed,scholarly publication,"DOI, publisher, institutional, or official-standard metadata and abstract/scope verification",citation only,policy-testing,metadata and claim-fit verified; not represented as a complete full-text reproduction,2026-09-29,no
Automated Test Generation for Access Control Policies via Change-Impact Analysis,https://doi.org/10.1109/SESS.2007.5,publisher/standards-body terms; not redistributed,scholarly publication,"DOI, publisher, institutional, or official-standard metadata and abstract/scope verification",citation only,policy-testing,metadata and claim-fit verified; not represented as a complete full-text reproduction,2026-09-29,no
Multiple-Implementation Testing for XACML Implementations,https://doi.org/10.1145/1390832.1390837,publisher/standards-body terms; not redistributed,scholarly publication,"DOI, publisher, institutional, or official-standard metadata and abstract/scope verification",citation only,policy-testing,metadata and claim-fit verified; not represented as a complete full-text reproduction,2026-09-29,no
Testing Security Policies: Going Beyond Functional Testing,https://doi.org/10.1109/ISSRE.2007.27,publisher/standards-body terms; not redistributed,scholarly publication,"DOI, publisher, institutional, or official-standard metadata and abstract/scope verification",citation only,policy-testing,metadata and claim-fit verified; not represented as a complete full-text reproduction,2026-09-29,no
Model-Based Tests for Access Control Policies,https://doi.org/10.1109/ICST.2008.44,publisher/standards-body terms; not redistributed,scholarly publication,"DOI, publisher, institutional, or official-standard metadata and abstract/scope verification",citation only,policy-testing,metadata and claim-fit verified; not represented as a complete full-text reproduction,2026-09-29,no
Automated Testing of eXtensible Access Control Markup Language-Based Access Control Systems,https://doi.org/10.1049/iet-sen.2012.0101,publisher/standards-body terms; not redistributed,scholarly publication,"DOI, publisher, institutional, or official-standard metadata and abstract/scope verification",citation only,policy-testing,metadata and claim-fit verified; not represented as a complete full-text reproduction,2026-09-29,no
XACMET: XACML Testing and Modeling,https://doi.org/10.1007/s11219-019-09470-5,publisher/standards-body terms; not redistributed,scholarly publication,"DOI, publisher, institutional, or official-standard metadata and abstract/scope verification",citation only,policy-testing,metadata and claim-fit verified; not represented as a complete full-text reproduction,2026-09-29,no
An Automated Model-Based Test Oracle for Access Control Systems,https://doi.org/10.1145/3194733.3194743,publisher/standards-body terms; not redistributed,scholarly publication,"DOI, publisher, institutional, or official-standard metadata and abstract/scope verification",citation only,policy-testing,metadata and claim-fit verified; not represented as a complete full-text reproduction,2026-09-29,no
A Model-Based Approach to Automated Testing of Access Control Policies,https://doi.org/10.1145/2295136.2295173,publisher/standards-body terms; not redistributed,scholarly publication,"DOI, publisher, institutional, or official-standard metadata and abstract/scope verification",citation only,policy-testing,metadata and claim-fit verified; not represented as a complete full-text reproduction,2026-09-29,no
Analyzing Web Access Control Policies,https://doi.org/10.1145/1242572.1242664,publisher/standards-body terms; not redistributed,scholarly publication,"DOI, publisher, institutional, or official-standard metadata and abstract/scope verification",citation only,formal-models-and-combining,metadata and claim-fit verified; not represented as a complete full-text reproduction,2026-09-29,no
Anomaly Discovery and Resolution in Web Access Control Policies,https://doi.org/10.1145/1998441.1998472,publisher/standards-body terms; not redistributed,scholarly publication,"DOI, publisher, institutional, or official-standard metadata and abstract/scope verification",citation only,conflict-and-anomaly-analysis,metadata and claim-fit verified; not represented as a complete full-text reproduction,2026-09-29,no
Access Control Policy Combining: Theory Meets Practice,https://doi.org/10.1145/1542207.1542229,publisher/standards-body terms; not redistributed,scholarly publication,"DOI, publisher, institutional, or official-standard metadata and abstract/scope verification",citation only,formal-models-and-combining,metadata and claim-fit verified; not represented as a complete full-text reproduction,2026-09-29,no
Role-Based Access Control Models,https://doi.org/10.1109/2.485845,publisher/standards-body terms; not redistributed,scholarly publication,"DOI, publisher, institutional, or official-standard metadata and abstract/scope verification",citation only,formal-models-and-combining,metadata and claim-fit verified; not represented as a complete full-text reproduction,2026-09-29,no
Proposed NIST Standard for Role-Based Access Control,https://doi.org/10.1145/501978.501980,publisher/standards-body terms; not redistributed,scholarly publication,"DOI, publisher, institutional, or official-standard metadata and abstract/scope verification",citation only,formal-models-and-combining,metadata and claim-fit verified; not represented as a complete full-text reproduction,2026-09-29,no
TRBAC: A Temporal Role-Based Access Control Model,https://doi.org/10.1145/501978.501979,publisher/standards-body terms; not redistributed,scholarly publication,"DOI, publisher, institutional, or official-standard metadata and abstract/scope verification",citation only,formal-models-and-combining,metadata and claim-fit verified; not represented as a complete full-text reproduction,2026-09-29,no
Guide to Attribute Based Access Control (ABAC) Definition and Considerations,https://doi.org/10.6028/NIST.SP.800-162,publisher/standards-body terms; not redistributed,scholarly publication,"DOI, publisher, institutional, or official-standard metadata and abstract/scope verification",citation only,formal-models-and-combining,metadata and claim-fit verified; not represented as a complete full-text reproduction,2026-09-29,no
Towards Formal Verification of Role-Based Access Control Policies,https://doi.org/10.1109/TDSC.2007.70225,publisher/standards-body terms; not redistributed,scholarly publication,"DOI, publisher, institutional, or official-standard metadata and abstract/scope verification",citation only,formal-models-and-combining,metadata and claim-fit verified; not represented as a complete full-text reproduction,2026-09-29,no
Automated Verification of Access Control Policies Using a SAT Solver,https://doi.org/10.1007/s10009-008-0087-9,publisher/standards-body terms; not redistributed,scholarly publication,"DOI, publisher, institutional, or official-standard metadata and abstract/scope verification",citation only,formal-models-and-combining,metadata and claim-fit verified; not represented as a complete full-text reproduction,2026-09-29,no
A Theory for Comparing the Expressive Power of Access Control Models,https://doi.org/10.3233/JCS-2007-15202,publisher/standards-body terms; not redistributed,scholarly publication,"DOI, publisher, institutional, or official-standard metadata and abstract/scope verification",citation only,formal-models-and-combining,metadata and claim-fit verified; not represented as a complete full-text reproduction,2026-09-29,no
Policy Conflict Analysis in Distributed System Management,https://doi.org/10.1080/10919399409540214,publisher/standards-body terms; not redistributed,scholarly publication,"DOI, publisher, institutional, or official-standard metadata and abstract/scope verification",citation only,conflict-and-anomaly-analysis,metadata and claim-fit verified; not represented as a complete full-text reproduction,2026-09-29,no
Discovery of Policy Anomalies in Distributed Firewalls,https://doi.org/10.1109/INFCOM.2004.1354680,publisher/standards-body terms; not redistributed,scholarly publication,"DOI, publisher, institutional, or official-standard metadata and abstract/scope verification",citation only,conflict-and-anomaly-analysis,metadata and claim-fit verified; not represented as a complete full-text reproduction,2026-09-29,no
Detecting and Resolving Packet Filter Conflicts,https://doi.org/10.1109/INFCOM.2000.832496,publisher/standards-body terms; not redistributed,scholarly publication,"DOI, publisher, institutional, or official-standard metadata and abstract/scope verification",citation only,conflict-and-anomaly-analysis,metadata and claim-fit verified; not represented as a complete full-text reproduction,2026-09-29,no
FIREMAN: A Toolkit for Firewall Modeling and Analysis,https://doi.org/10.1109/SP.2006.16,publisher/standards-body terms; not redistributed,scholarly publication,"DOI, publisher, institutional, or official-standard metadata and abstract/scope verification",citation only,conflict-and-anomaly-analysis,metadata and claim-fit verified; not represented as a complete full-text reproduction,2026-09-29,no
Structured Firewall Design,https://doi.org/10.1016/j.comnet.2006.06.015,publisher/standards-body terms; not redistributed,scholarly publication,"DOI, publisher, institutional, or official-standard metadata and abstract/scope verification",citation only,conflict-and-anomaly-analysis,metadata and claim-fit verified; not represented as a complete full-text reproduction,2026-09-29,no
"A Safe, Efficient Regression Test Selection Technique",https://doi.org/10.1145/248233.248262,publisher/standards-body terms; not redistributed,scholarly publication,"DOI, publisher, institutional, or official-standard metadata and abstract/scope verification",citation only,regression-mutation-and-certification,metadata and claim-fit verified; not represented as a complete full-text reproduction,2026-09-29,no
An Empirical Study of Regression Test Selection Techniques,https://doi.org/10.1145/367008.367020,publisher/standards-body terms; not redistributed,scholarly publication,"DOI, publisher, institutional, or official-standard metadata and abstract/scope verification",citation only,regression-mutation-and-certification,metadata and claim-fit verified; not represented as a complete full-text reproduction,2026-09-29,no
Test Case Prioritization: A Family of Empirical Studies,https://doi.org/10.1109/32.988497,publisher/standards-body terms; not redistributed,scholarly publication,"DOI, publisher, institutional, or official-standard metadata and abstract/scope verification",citation only,regression-mutation-and-certification,metadata and claim-fit verified; not represented as a complete full-text reproduction,2026-09-29,no
Prioritizing Test Cases for Regression Testing,https://doi.org/10.1109/32.962562,publisher/standards-body terms; not redistributed,scholarly publication,"DOI, publisher, institutional, or official-standard metadata and abstract/scope verification",citation only,regression-mutation-and-certification,metadata and claim-fit verified; not represented as a complete full-text reproduction,2026-09-29,no
Model-Based Security Testing: A Taxonomy and Systematic Classification,https://doi.org/10.1002/stvr.1580,publisher/standards-body terms; not redistributed,scholarly publication,"DOI, publisher, institutional, or official-standard metadata and abstract/scope verification",citation only,regression-mutation-and-certification,metadata and claim-fit verified; not represented as a complete full-text reproduction,2026-09-29,no
An Analysis and Survey of the Development of Mutation Testing,https://doi.org/10.1109/TSE.2010.62,publisher/standards-body terms; not redistributed,scholarly publication,"DOI, publisher, institutional, or official-standard metadata and abstract/scope verification",citation only,regression-mutation-and-certification,metadata and claim-fit verified; not represented as a complete full-text reproduction,2026-09-29,no
Mutation Testing Advances: An Analysis and Survey,https://doi.org/10.1016/bs.adcom.2018.03.015,publisher/standards-body terms; not redistributed,scholarly publication,"DOI, publisher, institutional, or official-standard metadata and abstract/scope verification",citation only,regression-mutation-and-certification,metadata and claim-fit verified; not represented as a complete full-text reproduction,2026-09-29,no
Are Mutants a Valid Substitute for Real Faults in Software Testing?,https://doi.org/10.1145/2635868.2635929,publisher/standards-body terms; not redistributed,scholarly publication,"DOI, publisher, institutional, or official-standard metadata and abstract/scope verification",citation only,regression-mutation-and-certification,metadata and claim-fit verified; not represented as a complete full-text reproduction,2026-09-29,no
Is Mutation an Appropriate Tool for Testing Experiments?,https://doi.org/10.1145/1062455.1062530,publisher/standards-body terms; not redistributed,scholarly publication,"DOI, publisher, institutional, or official-standard metadata and abstract/scope verification",citation only,regression-mutation-and-certification,metadata and claim-fit verified; not represented as a complete full-text reproduction,2026-09-29,no
Hints on Test Data Selection: Help for the Practicing Programmer,https://doi.org/10.1109/C-M.1978.218136,publisher/standards-body terms; not redistributed,scholarly publication,"DOI, publisher, institutional, or official-standard metadata and abstract/scope verification",citation only,regression-mutation-and-certification,metadata and claim-fit verified; not represented as a complete full-text reproduction,2026-09-29,no
An Experimental Determination of Sufficient Mutant Operators,https://doi.org/10.1145/227607.227610,publisher/standards-body terms; not redistributed,scholarly publication,"DOI, publisher, institutional, or official-standard metadata and abstract/scope verification",citation only,regression-mutation-and-certification,metadata and claim-fit verified; not represented as a complete full-text reproduction,2026-09-29,no
A Threshold of $\ln n$ for Approximating Set Cover,https://doi.org/10.1145/285055.285059,publisher/standards-body terms; not redistributed,scholarly publication,"DOI, publisher, institutional, or official-standard metadata and abstract/scope verification",citation only,regression-mutation-and-certification,metadata and claim-fit verified; not represented as a complete full-text reproduction,2026-09-29,no
Certifying Algorithms,https://doi.org/10.1016/j.cosrev.2010.09.009,publisher/standards-body terms; not redistributed,scholarly publication,"DOI, publisher, institutional, or official-standard metadata and abstract/scope verification",citation only,regression-mutation-and-certification,metadata and claim-fit verified; not represented as a complete full-text reproduction,2026-09-29,no
Proof-Carrying Code,https://doi.org/10.1145/263699.263712,publisher/standards-body terms; not redistributed,scholarly publication,"DOI, publisher, institutional, or official-standard metadata and abstract/scope verification",citation only,regression-mutation-and-certification,metadata and claim-fit verified; not represented as a complete full-text reproduction,2026-09-29,no
Automated Fault Localization of XACML Policies,https://doi.org/10.1145/2914642.2914653,publisher terms; not redistributed,scholarly publication,DOI/publisher/institutional metadata and abstract/scope verification,citation only,XACML fault localization comparison,metadata and claim fit verified; no full-text reproduction claim,2026-09-29,no
Mutation Analysis of NGAC Policies,https://doi.org/10.1145/3450569.3463563,publisher terms; not redistributed,scholarly publication,DOI/publisher/institutional metadata and abstract/scope verification,citation only,policy mutation analysis beyond XACML,metadata and claim fit verified; no full-text reproduction claim,2026-09-29,no
Attribute-Based Access Control,https://doi.org/10.1109/MC.2015.33,publisher terms; not redistributed,scholarly publication,DOI/publisher/institutional metadata and abstract/scope verification,citation only,ABAC model background,metadata and claim fit verified; no full-text reproduction claim,2026-09-29,no
A Framework for the Extended Evaluation of ABAC Policies,https://doi.org/10.1186/s42400-019-0024-0,publisher terms; not redistributed,scholarly publication,DOI/publisher/institutional metadata and abstract/scope verification,citation only,missing-information and extended-evaluation boundary,metadata and claim fit verified; no full-text reproduction claim,2026-09-29,no
A Survey on Policy Languages in Network and Security Management,https://doi.org/10.1016/j.comnet.2011.09.014,publisher terms; not redistributed,scholarly publication,DOI/publisher/institutional metadata and abstract/scope verification,citation only,policy-language landscape,metadata and claim fit verified; no full-text reproduction claim,2026-09-29,no
Quantifying Permissiveness of Access Control Policies,https://doi.org/10.1145/3510003.3510233,publisher terms; not redistributed,scholarly publication,DOI/publisher/institutional metadata and abstract/scope verification,citation only,cross-policy quantitative comparison,metadata and claim fit verified; no full-text reproduction claim,2026-09-29,no
